{"52vEY7f17k": 0.31894899325530646, "6W08a98ZQV": 0.30008168308414285, "8o0mJnIpFH": 0.22888091388411275, "g209g5Vve6": 0.3657053627091823, "l8kuAhlIWI": 0.2521410496848926, "QER9PsCgBT": 0.2115822948830535, "yDO9pl8GC0": 0.28458845250110054, "6Ax4SKe470": 0.2723792768321499, "7oiAa7MlW2": 0.2520102021288852, "879eYkR2Wu": 0.23145769678778705, "8ZPoEJbXB7": 0.2975521638273199, "CaA0123UJL": 0.25055417142058817, "ey9rvMnU57": 0.18211792851732653, "z9svx3mA4s": 0.18385020583553607, "6dGeA2ZpO4": 0.13333333333333333, "f4fNYL73Z2": 0.2746937221391724, "oEt3YTvS4G": 0.1632623458643631, "t0fI2c7EMH": 0.09494811135733754, "23T7Up1oQ6": 0.2099267578125, "5cuKF3lL4D": 0.6511447947269877, "938jD6Z338": 0.508663257852447, "c3Ee3W8hyq": 0.29942247397345956, "h0UbH181l8": 0.2763878551976262, "tlJn3I40bf": 0.19732496980932207, "y5009rpZ12": 0.23492910778156784, "yB480DNZ70": 0.32412819636444196, "8d194g9ccT": 0.2779168706574884, "88Uhb8760x": 0.2936858078782678, "dvG32rxRzQ": 0.19154769407338573, "E38It7fjg0": 0.2336214512927193, "i8f2gg51r5": 0.29753116290129134, "mI0bEZaepz": 0.29908644870021006, "v52MhQAVT9": 0.30817039783203, "0GlR30c2Mt": 0.30516118553772664, "12M70dm49w": 0.26782410987084243, "517LN52NOL": 0.2379934123508446, "5yasLi1Avt": 0.3000021010927088, "6jCygPdswz": 0.3552401561614538, "Hd9GW3f95j": 0.30080657481965334, "l8bH01vT7z": 0.3600300379851123, "UJCeB1hbie": 0.16252066115702485, "02i5jCrfQK": 0.25866181309101516, "0KS4yy9G96": 0.23121389126641873, "FrPh305pw8": 0.7037395906845448, "rPj8YeG1I5": 0.18098328291142052, "s19Mo891H5": 0.29631461637017054, "V2p98HHF6o": 0.2673387623804494, "vpuUyzUJ0z": 0.27158184271227753, "8gH5u019ZH": 0.2218037702254009, "X223hIsDU4": 0.0, "1bJbgQ32E3": 0.3018308916578749, "242fhbKRf9": 0.20822789992710208, "3C1dH8H8v3": 0.20891324415399706, "80nlN05JQ6": 0.2979100359911538, "f45jOmRd4S": 0.23124037590769525, "QS4cvQ8w0o": 0.30670410007262505, "276487SwvF": 0.27929137280815264, "4ajdr1a4Kc": 0.30492211857909535, "443ptPwtPd": 0.17505060231493313, "5g8708DBB0": 0.2882618991238456, "8MG4r9aMdu": 0.28483479105928083, "S2KFxgwMsH": 0.24587244257654028, "u004wY493z": 0.1382108113069016, "w33QZ9Q64W": 0.15679935572940634, "x64anap2Kz": 0.144860345025124, "VHCF3iE0a4": 0.18330845007150978, "zfYl0YECr0": 0.21030857427030697, "jXc985G8qy": 0.16199309377748894, "rnOGP59582": 0.18777142628135063, "6EjPt2xgrB": 0.18886842709183962, "pgHmAyjLe1": 0.4115144169883599, "qkmLNnC7YU": 0.44264322772651865, "R440Y09vu3": 0.26955937688230996, "D431zXkvuC": 0.27649319595322636, "pg8uPBYamG": 0.23325225369059024, "yG447121nm": 0.28383507889383697, "2x0Z9q6jD0": 0.4857649063079674, "45oTz6NVkr": 0.12200559188076526, "7gJUbn9s1V": 0.2766834271419637, "cbgx682J78": 0.21865843749999997, "cua2tdf6zb": 0.29473228772309357, "dD0vTK3gXD": 0.27637846176907804, "f1924U65I1": 0.25201278041592434, "z2zuhnARi6": 0.1132173136992414, "16zN4n2fFO": 0.22500779242975388, "183ppvOXp8": 0.18441133801807125, "5AhC6ORULJ": 0.257810517392019, "ck0GIf31rJ": 0.24941740965817275, "H5p2L3L4hU": 0.28241088410136156, "m9a501e1MM": 0.2282763174064641, "k37lfl6ENf": 0.36531740407006175, "3008m5T78s": 0.18005888522795938, "3k85qY4Y2B": 0.33897787111927724, "448d2Kv3hw": 0.19417490729295428, "c7A4cZK28M": 0.27008683033186087, "EaUoBdvBdC": 0.29262905060260197, "YH4M65c5kP": 0.26773928998900787, "L24St09aez": 0.17915933528836755, "N4Ab8Bvj98": 0.2956382660685275, "Zxu8oS1jJ2": 0.5039469808541973, "Exz0X2naK1": 0.32765295841389663, "5Q69X4zFkC": 0.27110991918103444, "q1Yar3mIhE": 0.4758319444487813, "vkQ059OE0u": 0.42306980198019806, "162lfGskK2": 0.23369498239436617, "7esK30uHH1": 0.24302778032081376, "DZXDgO0B3u": 0.5835629957694342, "hK3QE3xOF8": 0.2916666666666667, "Ud9p3KH6Bv": 0.3809656230234029, "XHm4u4Y8OU": 0.4516652858326429, "FD5m13We02": 0.4300606047154173, "GlZwe88Gzo": 0.2484204964622796, "XT7r2I6hmm": 0.21139133268165522, "45euP7C062": 0.31224215634052754, "46K8Eq75fJ": 0.28767597419354834, "4EUt9uDfjG": 0.8103998968008258, "p5CPTG2423": 0.3759923170546174, "xH487WMLoS": 0.11100697679577622, "0nF0z1401O": 0.17034793258778275, "6ghrwY35fW": 0.11650548749790232, "b4WRCgbjkN": 0.08451331112019078, "qvGwtJZv09": 0.1431693305546885, "R398qG76GC": 0.285523152718365, "txnqGG764s": 0.24368225044889275, "93YVE85s1x": 0.15537414606130223, "9iQ6dU8Ooj": 0.1958077523569327, "auW9kr3fh6": 0.3042272390892825, "Ds3B2dRQo8": 0.19727709612917535, "JU5Ms0pxvu": 0.16592955868258896, "MCA1W52H2T": 0.16177341192588787, "t3dx1x27e1": 0.20786105395843596, "Uv4cSe2ijd": 0.3006502239647246, "YtB3X13RXe": 0.14124340173464778, "i0FfLG15di": 0.2044296570960237, "merKN5i5Of": 0.2144240269330442, "st945Ucdi6": 0.21000817504916075, "694Y3fju01": 0.19122823580839904, "QUcO70Q91P": 0.21385682528229644, "zUlk9c7UEv": 0.2694557441848344, "pXs7s2k8Jv": 0.5183159722222223, "1k3GIfwBw6": 0.18639367030536125, "7tV3w3qB6t": 0.3183352457448843, "F9WJ1RKM4L": 0.17583352295483495, "hgivhSMgnH": 0.265960487739872, "i5Y9A05Ph8": 0.2149958691510935, "rE6U5574qn": 0.1363069069308737, "Rl6LafSUXj": 0.20122654947147692, "2kb387yOiG": 0.13209720318671322, "jdT9cZAxyb": 0.28559008496170135, "uz40H610bF": 0.3556785714409202, "wz0V4oY4Z2": 0.17968049340903458, "Y5XkapASsg": 0.2572503735220372, "YoXjDl010q": 0.4673773835920177, "a43DzeQWut": 0.2819010034397667, "Un24RpQEWg": 0.22645543539010027, "3Whv9UbPsR": 0.5689240506329114, "8mKdvKlPOw": 0.23685421994884912, "Mhc6xUn6X1": 0.42558413972150105, "O4YDV4XPTd": 0.6914677103718198, "oSV25Eb2y9": 0.25032450674974044, "S7E3jvZbGG": 0.3277286724062294, "wu58ARZBA2": 0.27952210342735817, "yA79w15tnU": 0.39039225602848354, "YgQ57c2glM": 0.30675707182661993, "5ZR29q8c56": 0.24300947979388332, "6c2Im3PZdL": 0.20308169382951993, "7o7172ufx2": 0.1077518572640331, "UEArk7W20r": 0.17759128719175943, "XGFd357i6u": 0.26226164123523127, "29U6L12O3k": 0.28947315558802045, "42FRuGgL06": 0.20404722067298756, "C0qLCIhI0O": 0.5315570973815213, "e95f4UtF4I": 0.19381827209533267, "JP20cryBg8": 0.2889830508474576}